abakan_ru:Asia/Krasnoyarsk,aberdeen_gb:Europe/London,abidjan_ci:Africa/Abidjan,abilene_us:America/Chicago,abuja_ng:Africa/Lagos,acapulco_mx:America/Mexico_City,accra_gh:Africa/Accra,adana_tr:Europe/Istanbul,addisababa_et:Africa/Addis_Ababa,adelaide_au:Australia/Adelaide,ahmedabad_in:Asia/Kolkata,aixlesbains_fr:Europe/Paris,ajmer_in:Asia/Kolkata,akure_ng:Africa/Lagos,albacete_es:Europe/Madrid,albany_us:America/New_York,albuquerque_us:America/Denver,alexandria_eg:Africa/Cairo,alexandria_us:America/New_York,alicante_es:Europe/Madrid,aligarh_in:Asia/Kolkata,almaty_kz:Asia/Almaty,amman_jo:Asia/Amman,amritsar_in:Asia/Kolkata,amsterdam_nl:Europe/Amsterdam,anapolis_br:America/Sao_Paulo,anchorage_us:America/Anchorage,andijon_uz:Asia/Tashkent,ankara_tr:Europe/Istanbul,anshan_cn:Asia/Shanghai,antananarivo_mg:Indian/Antananarivo,antwerp_be:Europe/Brussels,aracaju_br:America/Maceio,arak_ir:Asia/Tehran,arbil_iq:Asia/Baghdad,arequipa_pe:America/Lima,arlington_us:America/Chicago,ashgabat_tm:Asia/Ashgabat,asmara_er:Africa/Asmara,astana_kz:Asia/Almaty,athens_gr:Europe/Athens,atlanta_us:America/New_York,auckland_nz:Pacific/Auckland,aurangabad_in:Asia/Kolkata,austin_us:America/Chicago,baghdad_iq:Asia/Baghdad,baguio_ph:Asia/Manila,bahawalpur_pk:Asia/Karachi,bakersfield_us:America/Los_Angeles,balikpapan_id:Asia/Makassar,bamako_ml:Africa/Bamako,bandung_id:Asia/Jakarta,bangalore_in:Asia/Kolkata,bangkok_th:Asia/Bangkok,bangui_cf:Africa/Bangui,banjul_gm:Africa/Banjul,barcelona_es:Europe/Madrid,bareilly_in:Asia/Kolkata,barranquilla_co:America/Bogota,basel_ch:Europe/Zurich,basse-terre_gp:America/Guadeloupe,batam_id:Asia/Jakarta,beijing_cn:Asia/Shanghai,beirut_lb:Asia/Beirut,belem_br:America/Belem,belgrade_rs:Europe/Belgrade,belfast_gb:Europe/London,belizecity_bz:America/Belize,belo-horizonte_br:America/Sao_Paulo,bengaluru_in:Asia/Kolkata,benghazi_ly:Africa/Tripoli,beni_mhira_tn:Africa/Tunis,berlin_de:Europe/Berlin,bern_ch:Europe/Zurich,bhopal_in:Asia/Kolkata,bilbao_es:Europe/Madrid,birmingham_gb:Europe/London,birmingham_us:America/Chicago,bishkek_kg:Asia/Bishkek,bissau_gw:Africa/Bissau,blantyre_mw:Africa/Blantyre,bogor_id:Asia/Jakarta,bogota_co:America/Bogota,boise_us:America/Boise,bologna_it:Europe/Rome,bordeaux_fr:Europe/Paris,bosaso_so:Africa/Mogadishu,boston_us:America/New_York,bouake_ci:Africa/Abidjan,brasilia_br:America/Sao_Paulo,bratislava_sk:Europe/Bratislava,brazzaville_cg:Africa/Brazzaville,bremen_de:Europe/Berlin,bridgetown_bb:America/Barbados,brisbane_au:Australia/Brisbane,brno_cz:Europe/Prague,brussels_be:Europe/Brussels,bucharest_ro:Europe/Bucharest,budapest_hu:Europe/Budapest,buenosaires_ar:America/Argentina/Buenos_Aires,bujumbura_bi:Africa/Bujumbura,bulawayo_zw:Africa/Harare,busan_kr:Asia/Seoul
cabo_frio_br:America/Sao_Paulo,cagayan_de_oro_ph:Asia/Manila,cagliari_it:Europe/Rome,cairo_eg:Africa/Cairo,calabar_ng:Africa/Lagos,calcutta_in:Asia/Kolkata,calgary_ca:America/Edmonton,cali_co:America/Bogota,cambridge_gb:Europe/London,campinas_br:America/Sao_Paulo,canberra_au:Australia/Sydney,cape_town_za:Africa/Johannesburg,caracas_ve:America/Caracas,cardiff_gb:Europe/London,cartagena_co:America/Bogota,casablanca_ma:Africa/Casablanca,catamarca_ar:America/Argentina/Catamarca,catania_it:Europe/Rome,caucaia_br:America/Fortaleza,cebu_city_ph:Asia/Manila,ceduna_au:Australia/Adelaide,chandigarh_in:Asia/Kolkata,changchun_cn:Asia/Shanghai,changsha_cn:Asia/Shanghai,changzhou_cn:Asia/Shanghai,chapeco_br:America/Sao_Paulo,charleston_us:America/New_York,charlotte_us:America/New_York,chattanooga_us:America/New_York,chelyabinsk_ru:Asia/Yekaterinburg,chennai_in:Asia/Kolkata,cheongju_kr:Asia/Seoul,cheonan_kr:Asia/Seoul,chengdu_cn:Asia/Shanghai,cheongju_kr:Asia/Seoul,chiang_mai_th:Asia/Bangkok,chiba_jp:Asia/Tokyo,chicago_us:America/Chicago,chihuahua_mx:America/Chihuahua,chisinau_md:Europe/Chisinau,chittagong_bd:Asia/Dhaka,chongqing_cn:Asia/Shanghai,christchurch_nz:Pacific/Auckland,chuncheon_kr:Asia/Seoul,cimahi_id:Asia/Jakarta,cincinnati_us:America/New_York,clarksville_us:America/Chicago,cleveland_us:America/New_York,cochabamba_bo:America/La_Paz,coimbatore_in:Asia/Kolkata,colombo_lk:Asia/Colombo,columbus_us:America/New_York,conakry_gn:Africa/Conakry,concord_us:America/Los_Angeles,cordoba_ar:America/Argentina/Cordoba,corfu_gr:Europe/Athens,cotonou_bj:Africa/Porto-Novo,coventry_gb:Europe/London,coxim_br:America/Campo_Grande,cuiaba_br:America/Cuiaba,cuiaba_mt:America/Cuiaba,curitiba_br:America/Sao_Paulo,cuttack_in:Asia/Kolkata,cyangugu_rw:Africa/Kigali,czechowice-dziedzice_pl:Europe/Warsaw,dakar_sn:Africa/Dakar,dallas_us:America/Chicago,damascus_sy:Asia/Damascus,dampit_id:Asia/Jakarta,dandong_cn:Asia/Shanghai,dar_es_salaam_tz:Africa/Dar_es_Salaam,darbhanga_in:Asia/Kolkata,darnah_ly:Africa/Tripoli,datong_cn:Asia/Shanghai,davao_ph:Asia/Manila,dehradun_in:Asia/Kolkata,delhi_in:Asia/Kolkata,denpasar_id:Asia/Makassar,denver_us:America/Denver,depok_id:Asia/Jakarta,derby_gb:Europe/London,derna_ly:Africa/Tripoli,dessie_et:Africa/Addis_Ababa,detroit_us:America/Detroit,dewas_in:Asia/Kolkata,dhaka_bd:Asia/Dhaka,dhamtari_in:Asia/Kolkata,dhule_in:Asia/Kolkata,diadema_br:America/Sao_Paulo,diyarbakir_tr:Europe/Istanbul,djibouti_dj:Africa/Djibouti,djerba_tn:Africa/Tunis,dnepropetrovsk_ua:Europe/Kiev,doha_qa:Asia/Qatar,dongguan_cn:Asia/Shanghai,donostia_es:Europe/Madrid,douala_cm:Africa/Douala,dresden_de:Europe/Berlin,dubai_ae:Asia/Dubai,dublin_ie:Europe/Dublin,dudley_gb:Europe/London,duisburg_de:Europe/Berlin,dunedin_nz:Pacific/Auckland,durgapur_in:Asia/Kolkata,durham_us:America/New_York,dusseldorf_de:Europe/Berlin,ebebiyin_gq:Africa/Malabo,edmonton_ca:America/Edmonton,edirne_tr:Europe/Istanbul,elazig_tr:Europe/Istanbul,elche_es:Europe/Madrid,elgin_us:America/Chicago,eloy_us:America/Phoenix,elpaso_us:America/Denver,enugu_ng:Africa/Lagos,erbil_iq:Asia/Baghdad,erskine_gb:Europe/London,erzurum_tr:Europe/Istanbul,esenyurt_tr:Europe/Istanbul,essen_de:Europe/Berlin,esfahan_ir:Asia/Tehran,eskişehir_tr:Europe/Istanbul,evansville_us:America/Chicago,exeter_gb:Europe/London
faizabad_in:Asia/Kolkata,faisalabad_pk:Asia/Karachi,faridabad_in:Asia/Kolkata,faro_pt:Europe/Lisbon,fatick_sn:Africa/Dakar,fengcheng_cn:Asia/Shanghai,fenghua_cn:Asia/Shanghai,fianarantsoa_mg:Indian/Antananarivo,firozabad_in:Asia/Kolkata,flint_us:America/Detroit,florence_it:Europe/Rome,florianopolis_br:America/Sao_Paulo,floridablanca_co:America/Bogota,fonseca_co:America/Bogota,fortaleza_br:America/Fortaleza,fortwayne_us:America/Indiana/Indianapolis,fresno_us:America/Los_Angeles,fukuoka_jp:Asia/Tokyo,funchal_pt:Atlantic/Madeira,fushun_cn:Asia/Shanghai,fuzhou_cn:Asia/Shanghai,fyzabad_tt:America/Port_of_Spain,gaborone_bw:Africa/Gaborone,gagnoa_ci:Africa/Abidjan,galle_lk:Asia/Colombo,gandhinagar_in:Asia/Kolkata,gandia_es:Europe/Madrid,gangneung_kr:Asia/Seoul,gansu_cn:Asia/Shanghai,ganzhou_cn:Asia/Shanghai,gardanibagh_in:Asia/Kolkata,garoua_cm:Africa/Douala,gaya_in:Asia/Kolkata,gaziantep_tr:Europe/Istanbul,gdansk_pl:Europe/Warsaw,geneva_ch:Europe/Zurich,genoa_it:Europe/Rome,german_pl:Europe/Warsaw,ghaziabad_in:Asia/Kolkata,ghent_be:Europe/Brussels,gijon_es:Europe/Madrid,giza_eg:Africa/Cairo,glasgow_gb:Europe/London,goma_cd:Africa/Lubumbashi,gomel_by:Europe/Minsk,gondar_et:Africa/Addis_Ababa,governorate_kw:Asia/Kuwait,goyang_kr:Asia/Seoul,granada_es:Europe/Madrid,groningen_nl:Europe/Amsterdam,guadalajara_mx:America/Mexico_City,guangzhou_cn:Asia/Shanghai,guarulhos_br:America/Sao_Paulo,guatemala_city_gt:America/Guatemala,guayaquil_ec:America/Guayaquil,guilin_cn:Asia/Shanghai,guntakal_in:Asia/Kolkata,gurgaon_in:Asia/Kolkata,guyuan_cn:Asia/Shanghai,gwangju_kr:Asia/Seoul,gweru_zw:Africa/Harare,gyor_hu:Europe/Budapest,habiganj_bd:Asia/Dhaka,haarlem_nl:Europe/Amsterdam,haikou_cn:Asia/Shanghai,haining_cn:Asia/Shanghai,hakodate_jp:Asia/Tokyo,halifax_ca:America/Halifax,hamburg_de:Europe/Berlin,hamilton_bm:Atlantic/Bermuda,hamilton_ca:America/Toronto,hamm_de:Europe/Berlin,hamyang_kr:Asia/Seoul,hanchuan_cn:Asia/Shanghai,handan_cn:Asia/Shanghai,hangzhou_cn:Asia/Shanghai,hanover_de:Europe/Berlin,hanzhong_cn:Asia/Shanghai,hanoi_vn:Asia/Ho_Chi_Minh,haora_in:Asia/Kolkata,harare_zw:Africa/Harare,harbin_cn:Asia/Shanghai,haridwar_in:Asia/Kolkata,hartford_us:America/New_York,hassan_in:Asia/Kolkata,havana_cu:America/Havana,hebi_cn:Asia/Shanghai,hefei_cn:Asia/Shanghai,hengyang_cn:Asia/Shanghai,hermosillo_mx:America/Hermosillo,hiroshima_jp:Asia/Tokyo,ho_chi_minh_city_vn:Asia/Ho_Chi_Minh,hobart_au:Australia/Hobart,hong_kong_hk:Asia/Hong_Kong,honolulu_us:Pacific/Honolulu,hortolandia_br:America/Sao_Paulo,houston_us:America/Chicago,huaian_cn:Asia/Shanghai,huambo_ao:Africa/Luanda,huancayo_pe:America/Lima,huaraz_pe:America/Lima,hualien_tw:Asia/Taipei,huainan_cn:Asia/Shanghai,huizhou_cn:Asia/Shanghai,huludao_cn:Asia/Shanghai,huzhou_cn:Asia/Shanghai,hyderabad_in:Asia/Kolkata,hyderabad_pk:Asia/Karachi,ibadan_ng:Africa/Lagos,ibague_co:America/Bogota,ichikawa_jp:Asia/Tokyo,iguala_mx:America/Mexico_City,ikire_ng:Africa/Lagos,ikorodu_ng:Africa/Lagos,ilheus_br:America/Bahia,iloilo_ph:Asia/Manila,ilorin_ng:Africa/Lagos,imperatriz_br:America/Fortaleza,imphal_in:Asia/Kolkata,incheon_kr:Asia/Seoul,indaiatuba_br:America/Sao_Paulo,indore_in:Asia/Kolkata,ipatinga_br:America/Sao_Paulo,iquique_cl:America/Santiago,irapuato_mx:America/Mexico_City,irkutsk_ru:Asia/Irkutsk,isfahan_ir:Asia/Tehran,istanbul_tr:Europe/Istanbul,itabuna_br:America/Bahia,itapevi_br:America/Sao_Paulo,ithaca_us:America/New_York,ivanovo_ru:Europe/Moscow,izhevsk_ru:Europe/Samara,izmir_tr:Europe/Istanbul
jabalpur_in:Asia/Kolkata,jackon_us:America/Chicago,jacksonville_us:America/New_York,jaen_es:Europe/Madrid,jaipur_in:Asia/Kolkata,jakarta_id:Asia/Jakarta,jalgaon_in:Asia/Kolkata,jalandhar_in:Asia/Kolkata,jalna_in:Asia/Kolkata,jambi_id:Asia/Jakarta,jamnagar_in:Asia/Kolkata,jamshedpur_in:Asia/Kolkata,jangipur_in:Asia/Kolkata,jeddah_sa:Asia/Riyadh,jeju_kr:Asia/Seoul,jeonju_kr:Asia/Seoul,jerusalem_il:Asia/Jerusalem,jessore_bd:Asia/Dhaka,jhang_pk:Asia/Karachi,jhansi_in:Asia/Kolkata,jhelum_pk:Asia/Karachi,jhunjhunun_in:Asia/Kolkata,jilin_cn:Asia/Shanghai,jinan_cn:Asia/Shanghai,jingdezhen_cn:Asia/Shanghai,jinhua_cn:Asia/Shanghai,jinjiang_cn:Asia/Shanghai,jintan_cn:Asia/Shanghai,jiujiang_cn:Asia/Shanghai,jiutai_cn:Asia/Shanghai,jiuxian_cn:Asia/Shanghai,joao_pessoa_br:America/Fortaleza,jodhpur_in:Asia/Kolkata,johannesburg_za:Africa/Johannesburg,joinville_br:America/Sao_Paulo,johor_bahru_my:Asia/Kuala_Lumpur,joliet_us:America/Chicago,juazeiro_do_norte_br:America/Fortaleza,juiz_de_fora_br:America/Sao_Paulo,juliaca_pe:America/Lima,jundiai_br:America/Sao_Paulo,juneau_us:America/Juneau,junin_ar:America/Argentina/Buenos_Aires,juzhou_cn:Asia/Shanghai,kabul_af:Asia/Kabul,kaduna_ng:Africa/Lagos,kagoshima_jp:Asia/Tokyo,kahramanmaras_tr:Europe/Istanbul,kaifeng_cn:Asia/Shanghai,kaili_cn:Asia/Shanghai,kairouan_tn:Africa/Tunis,kaiserslautern_de:Europe/Berlin,kakinada_in:Asia/Kolkata,kalisz_pl:Europe/Warsaw,kaluga_ru:Europe/Moscow,kamaishi_jp:Asia/Tokyo,kamakura_jp:Asia/Tokyo,kampala_ug:Africa/Kampala,kananga_cd:Africa/Lubumbashi,kanazawa_jp:Asia/Tokyo,kanchipuram_in:Asia/Kolkata,kandy_lk:Asia/Colombo,kanpur_in:Asia/Kolkata,kaohsiung_tw:Asia/Taipei,karachi_pk:Asia/Karachi,karlsruhe_de:Europe/Berlin,karnal_in:Asia/Kolkata,karshi_uz:Asia/Samarkand,karur_in:Asia/Kolkata,kasur_pk:Asia/Karachi,kathmandu_np:Asia/Kathmandu,katsina_ng:Africa/Lagos,katowice_pl:Europe/Warsaw,kawasaki_jp:Asia/Tokyo,kazan_ru:Europe/Moscow,kediri_id:Asia/Jakarta,keelung_tw:Asia/Taipei,kefar_sava_il:Asia/Jerusalem,kemi_fi:Europe/Helsinki,kenitra_ma:Africa/Casablanca,kermanshah_ir:Asia/Tehran,khabarovsk_ru:Asia/Vladivostok,kharkiv_ua:Europe/Kiev,khartoum_sd:Africa/Khartoum,khenchela_dz:Africa/Algiers,khewra_pk:Asia/Karachi,khiwa_uz:Asia/Samarkand,kiel_de:Europe/Berlin,kiengiang_vn:Asia/Ho_Chi_Minh,kiev_ua:Europe/Kiev,kigali_rw:Africa/Kigali,kihihi_ug:Africa/Kampala,kilis_tr:Europe/Istanbul,kimberley_za:Africa/Johannesburg,kingston_jm:America/Jamaica,kingston_ca:America/Toronto,kirkuk_iq:Asia/Baghdad,kirklareli_tr:Europe/Istanbul,kisangani_cd:Africa/Kinshasa,kitakyushu_jp:Asia/Tokyo,kitchener_ca:America/Toronto,kitwe_zw:Africa/Lusaka,klaipeda_lt:Europe/Vilnius,klang_my:Asia/Kuala_Lumpur,klaten_id:Asia/Jakarta,knoxville_us:America/New_York,kobe_jp:Asia/Tokyo,koblenz_de:Europe/Berlin,kochi_in:Asia/Kolkata,kodaira_jp:Asia/Tokyo,koforidua_gh:Africa/Accra,kojen_tw:Asia/Taipei,kokand_uz:Asia/Tashkent,kokubunji_jp:Asia/Tokyo,kolhapur_in:Asia/Kolkata,kolkata_in:Asia/Kolkata,koln_de:Europe/Berlin,komaki_jp:Asia/Tokyo,konya_tr:Europe/Istanbul,korba_in:Asia/Kolkata,korla_cn:Asia/Urumqi,koshigaya_jp:Asia/Tokyo,kosice_sk:Europe/Bratislava,kostroma_ru:Europe/Moscow,kot_addu_pk:Asia/Karachi,kota_bharu_my:Asia/Kuala_Lumpur,kota_in:Asia/Kolkata,koto_jp:Asia/Tokyo,kouvola_fi:Europe/Helsinki,koyang_kr:Asia/Seoul,kragujevac_rs:Europe/Belgrade,krasnodar_ru:Europe/Moscow,krasnoyarsk_ru:Asia/Krasnoyarsk,krugersdorp_za:Africa/Johannesburg,krusevac_rs:Europe/Belgrade,ksar_el_kebir_ma:Africa/Casablanca,ksar_hellal_tn:Africa/Tunis,ksu_ng:Africa/Lagos,kuala_lumpur_my:Asia/Kuala_Lumpur,kuantan_my:Asia/Kuala_Lumpur,kubinka_ru:Europe/Moscow,kuching_my:Asia/Kuching
kumamoto_jp:Asia/Tokyo,kumasi_gh:Africa/Accra,kunming_cn:Asia/Shanghai,kursk_ru:Europe/Moscow,kuwait_city_kw:Asia/Kuwait,kuznetsk_ru:Europe/Samara,kyoto_jp:Asia/Tokyo,la_paz_bo:America/La_Paz,la_plata_ar:America/Argentina/Buenos_Aires,la_rochelle_fr:Europe/Paris,la_serena_cl:America/Santiago,laayoune_ma:Africa/El_Aaiun,lages_br:America/Sao_Paulo,lahore_pk:Asia/Karachi,lakewood_us:America/Denver,lanzhou_cn:Asia/Shanghai,laoag_ph:Asia/Manila,larisa_gr:Europe/Athens,las_palmas_es:Atlantic/Canary,las_pinas_ph:Asia/Manila,las_vegas_us:America/Los_Angeles,latakia_sy:Asia/Damascus,lausanne_ch:Europe/Zurich,lavras_br:America/Sao_Paulo,le_havre_fr:Europe/Paris,le_mans_fr:Europe/Paris,leeds_gb:Europe/London,leicester_gb:Europe/London,leipzig_de:Europe/Berlin,lhasa_cn:Asia/Shanghai,lianyungang_cn:Asia/Shanghai,liberec_cz:Europe/Prague,liege_be:Europe/Brussels,likasi_cd:Africa/Lubumbashi,lille_fr:Europe/Paris,lima_pe:America/Lima,lincoln_us:America/Chicago,linda_australia:Australia/Sydney,linfen_cn:Asia/Shanghai,lingyuan_cn:Asia/Shanghai,lisbon_pt:Europe/Lisbon,livorno_it:Europe/Rome,ljubljana_si:Europe/Ljubljana,lome_tg:Africa/Lome,london_gb:Europe/London,london_ca:America/Toronto,longxuyen_vn:Asia/Ho_Chi_Minh,lorient_fr:Europe/Paris,los_angeles_us:America/Los_Angeles,louisville_us:America/Kentucky/Louisville,luanda_ao:Africa/Luanda,lubumbashi_cd:Africa/Lubumbashi,lucknow_in:Asia/Kolkata,luoyang_cn:Asia/Shanghai,ludhiana_in:Asia/Kolkata,luhansk_ua:Europe/Kiev,lulea_se:Europe/Stockholm,lumbini_np:Asia/Kathmandu,luzhou_cn:Asia/Shanghai,lviv_ua:Europe/Kiev,lyon_fr:Europe/Paris,macao_mo:Asia/Macau,maceio_br:America/Maceio,madurai_in:Asia/Kolkata,madrid_es:Europe/Madrid,magadan_ru:Asia/Magadan,mahabalipuram_in:Asia/Kolkata,mahajanga_mg:Indian/Antananarivo,maiduguri_ng:Africa/Lagos,mainz_de:Europe/Berlin,makassar_id:Asia/Makassar,makati_ph:Asia/Manila,makurdi_ng:Africa/Lagos,malabo_gq:Africa/Malabo,malaga_es:Europe/Madrid,male_mv:Indian/Maldives,malmo_se:Europe/Stockholm,manado_id:Asia/Makassar,managua_ni:America/Managua,manama_bh:Asia/Bahrain,manaus_br:America/Manaus,manchester_gb:Europe/London,mandalay_mm:Asia/Yangon,mangalore_in:Asia/Kolkata,manila_ph:Asia/Manila,mannheim_de:Europe/Berlin,mansoura_eg:Africa/Cairo,manzanillo_mx:America/Mexico_City,mao_cn:Asia/Shanghai,maputo_mz:Africa/Maputo,maracaibo_ve:America/Caracas,maracay_ve:America/Caracas,marbella_es:Europe/Madrid,marcory_ci:Africa/Abidjan,mardan_pk:Asia/Karachi,mardin_tr:Europe/Istanbul,mareeba_au:Australia/Brisbane,maribor_si:Europe/Ljubljana,maringa_br:America/Sao_Paulo,marseille_fr:Europe/Paris,martapura_id:Asia/Makassar,mary_tm:Asia/Ashgabat,mashhad_ir:Asia/Tehran,mataram_id:Asia/Makassar,matola_mz:Africa/Maputo,matruh_eg:Africa/Cairo,maubeuge_fr:Europe/Paris,mazatlan_mx:America/Mazatlan,mbabane_sz:Africa/Mbabane,mbale_ug:Africa/Kampala,mecca_sa:Asia/Riyadh,medan_id:Asia/Jakarta,medellin_co:America/Bogota,medina_sa:Asia/Riyadh,meerut_in:Asia/Kolkata,meknes_ma:Africa/Casablanca,melbourne_au:Australia/Melbourne,memphis_us:America/Chicago,merida_mx:America/Merida,merida_ve:America/Caracas,mesa_us:America/Phoenix,messina_it:Europe/Rome,meycauayan_ph:Asia/Manila,mexico_city_mx:America/Mexico_City,meybod_ir:Asia/Tehran,mianyang_cn:Asia/Shanghai,michoacan_mx:America/Mexico_City,milan_it:Europe/Rome,milton_keynes_gb:Europe/London,minsk_by:Europe/Minsk,miri_my:Asia/Kuching,mirpur_khas_pk:Asia/Karachi,misrata_ly:Africa/Tripoli,mission_viejo_us:America/Los_Angeles,mississauga_ca:America/Toronto,mitrovica_xk:Europe/Belgrade,mixco_gt:America/Guatemala,mizoram_in:Asia/Kolkata,mobile_us:America/Chicago,mogi_das_cruzes_br:America/Sao_Paulo,mogilev_by:Europe/Minsk,mogadishu_so:Africa/Mogadishu,mohali_in:Asia/Kolkata,monrovia_lr:Africa/Monrovia,montevideo_uy:America/Montevideo,montpellier_fr:Europe/Paris,montreal_ca:America/Toronto,moradabad_in:Asia/Kolkata,morelia_mx:America/Mexico_City,moscow_ru:Europe/Moscow,mosul_iq:Asia/Baghdad,mossoro_br:America/Fortaleza,mumbai_in:Asia/Kolkata,munich_de:Europe/Berlin,murcia_es:Europe/Madrid,muscat_om:Asia/Muscat,mwanza_tz:Africa/Dar_es_Salaam,myitkyina_mm:Asia/Yangon
nagano_jp:Asia/Tokyo,nagoya_jp:Asia/Tokyo,nagpur_in:Asia/Kolkata,nairobi_ke:Africa/Nairobi,namangan_uz:Asia/Tashkent,nampula_mz:Africa/Maputo,nanchang_cn:Asia/Shanghai,nanchong_cn:Asia/Shanghai,nanjing_cn:Asia/Shanghai,nanning_cn:Asia/Shanghai,nanping_cn:Asia/Shanghai,nantong_cn:Asia/Shanghai,nanyang_cn:Asia/Shanghai,naples_it:Europe/Rome,nara_jp:Asia/Tokyo,narsingdi_bd:Asia/Dhaka,nashik_in:Asia/Kolkata,nashville_us:America/Chicago,nassau_bs:America/Nassau,natal_br:America/Fortaleza,naucalpan_mx:America/Mexico_City,navi_mumbai_in:Asia/Kolkata,nay_pyi_taw_mm:Asia/Yangon,ndjamena_td:Africa/Ndjamena,nedungadu_in:Asia/Kolkata,negombo_lk:Asia/Colombo,neiva_co:America/Bogota,nekemte_et:Africa/Addis_Ababa,nelson_nz:Pacific/Auckland,nepalgunj_np:Asia/Kathmandu,neubrandenburg_de:Europe/Berlin,neuchatel_ch:Europe/Zurich,new_delhi_in:Asia/Kolkata,new_orleans_us:America/Chicago,new_york_us:America/New_York,newcastle_gb:Europe/London,newcastle_au:Australia/Sydney,newport_gb:Europe/London,nha_trang_vn:Asia/Ho_Chi_Minh,niamey_ne:Africa/Niamey,nicosia_cy:Asia/Nicosia,nijmegen_nl:Europe/Amsterdam,nijniy_novgorod_ru:Europe/Moscow,nikopol_ua:Europe/Kiev,ningbo_cn:Asia/Shanghai,niort_fr:Europe/Paris,niteroi_br:America/Sao_Paulo,nizhnekamsk_ru:Europe/Moscow,nizhny_tagil_ru:Asia/Yekaterinburg,nizhyn_ua:Europe/Kiev,nobeoka_jp:Asia/Tokyo,noda_jp:Asia/Tokyo,noginsk_ru:Europe/Moscow,noida_in:Asia/Kolkata,nokha_in:Asia/Kolkata,norfolk_us:America/New_York,norilsk_ru:Asia/Krasnoyarsk,norrkoping_se:Europe/Stockholm,norsborg_se:Europe/Stockholm,north_las_vegas_us:America/Los_Angeles,norwich_gb:Europe/London,noshiro_jp:Asia/Tokyo,nottingham_gb:Europe/London,nova_iguaçu_br:America/Sao_Paulo,novara_it:Europe/Rome,novi_sad_rs:Europe/Belgrade,novocheboksarsk_ru:Europe/Moscow,novokuznetsk_ru:Asia/Novokuznetsk,novorossiysk_ru:Europe/Moscow,novosibirsk_ru:Asia/Novosibirsk,nowra_au:Australia/Sydney,noyabrsk_ru:Asia/Yekaterinburg,nukus_uz:Asia/Samarkand,nuremberg_de:Europe/Berlin,nursinghpur_in:Asia/Kolkata,nusajaya_my:Asia/Kuala_Lumpur,nyeri_ke:Africa/Nairobi,nyiregyhaza_hu:Europe/Budapest,oakland_us:America/Los_Angeles,obihiro_jp:Asia/Tokyo,odense_dk:Europe/Copenhagen,odessa_ua:Europe/Kiev,odintsovo_ru:Europe/Moscow,ogden_us:America/Denver,okayama_jp:Asia/Tokyo,okinawa_jp:Asia/Tokyo,oklahoma_city_us:America/Chicago,oktyabrskiy_ru:Europe/Moscow,olinda_br:America/Recife,omsk_ru:Asia/Omsk,onslow_au:Australia/Perth,oradea_ro:Europe/Bucharest,orai_in:Asia/Kolkata,orange_nsw_au:Australia/Sydney,oranjestad_aw:America/Aruba,orense_es:Europe/Madrid,oristano_it:Europe/Rome,orlando_us:America/New_York,orumiyeh_ir:Asia/Tehran,osaka_jp:Asia/Tokyo,osasco_br:America/Sao_Paulo,osh_kg:Asia/Bishkek,osijek_hr:Europe/Zagreb,oslo_no:Europe/Oslo,oss_nl:Europe/Amsterdam,ossining_us:America/New_York,ostend_be:Europe/Brussels,ostrow_wielkopolski_pl:Europe/Warsaw,otaki_jp:Asia/Tokyo,ottawa_ca:America/Toronto,ouagadougou_bf:Africa/Ouagadougou,ouargla_dz:Africa/Algiers,ourense_es:Europe/Madrid,oviedo_es:Europe/Madrid,oxford_gb:Europe/London,oyama_jp:Asia/Tokyo,ozamiz_ph:Asia/Manila,paderborn_de:Europe/Berlin,padova_it:Europe/Rome,pagadian_ph:Asia/Manila,pagsanjan_ph:Asia/Manila,pahang_my:Asia/Kuala_Lumpur,paita_pe:America/Lima,palembang_id:Asia/Jakarta,palermo_it:Europe/Rome,palm_bay_us:America/New_York,palm_coast_us:America/New_York,palmas_br:America/Araguaina,palo_negros_ph:Asia/Manila,palopo_id:Asia/Makassar,palwal_in:Asia/Kolkata,pamplona_es:Europe/Madrid,panama_city_pa:America/Panama,panipat_in:Asia/Kolkata,panshan_cn:Asia/Shanghai,pantin_fr:Europe/Paris,parakou_bj:Africa/Porto-Novo,paramaribo_sr:America/Paramaribo,parana_br:America/Sao_Paulo,parbhani_in:Asia/Kolkata,paris_fr:Europe/Paris,pasig_ph:Asia/Manila,passau_de:Europe/Berlin,pasuruan_id:Asia/Jakarta,pathein_mm:Asia/Yangon,pathum_thani_th:Asia/Bangkok,patiala_in:Asia/Kolkata,patna_in:Asia/Kolkata,pattaya_th:Asia/Bangkok,patuakhali_bd:Asia/Dhaka,pau_fr:Europe/Paris,pavlodar_kz:Asia/Almaty,payakumbuh_id:Asia/Jakarta,pecs_hu:Europe/Budapest
pematangsiantar_id:Asia/Jakarta,pemba_mz:Africa/Maputo,penafiel_pt:Europe/Lisbon,penang_my:Asia/Kuala_Lumpur,pendik_tr:Europe/Istanbul,pengzhou_cn:Asia/Shanghai,penza_ru:Europe/Moscow,pergola_it:Europe/Rome,perth_au:Australia/Perth,perugia_it:Europe/Rome,petaling_jaya_my:Asia/Kuala_Lumpur,petare_ve:America/Caracas,peterborough_gb:Europe/London,peterhof_ru:Europe/Moscow,petropolis_br:America/Sao_Paulo,phnom_penh_kh:Asia/Phnom_Penh,phoenix_us:America/Phoenix,phuket_th:Asia/Bangkok,piacenza_it:Europe/Rome,pico_truncado_ar:America/Argentina/Rio_Gallegos,pietermaritzburg_za:Africa/Johannesburg,pingdingshan_cn:Asia/Shanghai,pingliang_cn:Asia/Shanghai,pingxiang_cn:Asia/Shanghai,piracicaba_br:America/Sao_Paulo,piraeus_gr:Europe/Athens,pirapora_br:America/Sao_Paulo,pisa_it:Europe/Rome,pisco_pe:America/Lima,pistoia_it:Europe/Rome,plitvice_hr:Europe/Zagreb,plymouth_gb:Europe/London,podgorica_me:Europe/Podgorica,pointe_noire_cg:Africa/Brazzaville,ponta_delgada_pt:Atlantic/Azores,ponta_grossa_br:America/Sao_Paulo,pontevedra_es:Europe/Madrid,pontianak_id:Asia/Pontianak,porto_alegre_br:America/Sao_Paulo,porto_pt:Europe/Lisbon,porto_velho_br:America/Porto_Velho,portoviejo_ec:America/Guayaquil,port_said_eg:Africa/Cairo,port_sudan_sd:Africa/Khartoum,port_talbot_gb:Europe/London,portsmouth_gb:Europe/London,portoferraio_it:Europe/Rome,porto_novo_bj:Africa/Porto-Novo,portland_us:America/Los_Angeles,posadas_ar:America/Argentina/Corrientes,poughkeepsie_us:America/New_York,powai_in:Asia/Kolkata,poznan_pl:Europe/Warsaw,prague_cz:Europe/Prague,praia_cv:Atlantic/Cape_Verde,puebla_mx:America/Mexico_City,puerto_montt_cl:America/Santiago,puerto_princesa_ph:Asia/Manila,pune_in:Asia/Kolkata,punta_arenas_cl:America/Punta_Arenas,puri_in:Asia/Kolkata,putrajaya_my:Asia/Kuala_Lumpur,qingdao_cn:Asia/Shanghai,qingyuan_cn:Asia/Shanghai,qiqihar_cn:Asia/Shanghai,quebec_city_ca:America/Toronto,quezon_city_ph:Asia/Manila,qufu_cn:Asia/Shanghai,quilmes_ar:America/Argentina/Buenos_Aires,quimper_fr:Europe/Paris,quito_ec:America/Guayaquil,qujing_cn:Asia/Shanghai,quzhou_cn:Asia/Shanghai,rabat_ma:Africa/Casablanca,racine_us:America/Chicago,rajkot_in:Asia/Kolkata,rajshahi_bd:Asia/Dhaka,ramallah_ps:Asia/Hebron,ranchi_in:Asia/Kolkata,rancho_cucamonga_us:America/Los_Angeles,randburg_za:Africa/Johannesburg,rangoon_mm:Asia/Yangon,raniganj_in:Asia/Kolkata,rapid_city_us:America/Denver,rasht_ir:Asia/Tehran,ratlam_in:Asia/Kolkata,rawalpindi_pk:Asia/Karachi,rayong_th:Asia/Bangkok,recife_br:America/Recife,reims_fr:Europe/Paris,rennes_fr:Europe/Paris,reutlingen_de:Europe/Berlin,rezekne_lv:Europe/Riga,reynosa_mx:America/Matamoros,ribeirao_preto_br:America/Sao_Paulo,ribeira_brava_cv:Atlantic/Cape_Verde,ribeira_grande_cv:Atlantic/Cape_Verde,richards_bay_za:Africa/Johannesburg,richmond_au:Australia/Sydney,richmond_us:America/New_York,rijeka_hr:Europe/Zagreb,rimini_it:Europe/Rome,rio_branco_br:America/Rio_Branco,rio_de_janeiro_br:America/Sao_Paulo,riverside_us:America/Los_Angeles,riyadh_sa:Asia/Riyadh,roanne_fr:Europe/Paris,rochester_us:America/New_York,rockford_us:America/Chicago,rockhampton_au:Australia/Brisbane,rohtak_in:Asia/Kolkata,rome_it:Europe/Rome,rosario_ar:America/Argentina/Cordoba,roskilde_dk:Europe/Copenhagen,rostov_na_donu_ru:Europe/Moscow,rotterdam_nl:Europe/Amsterdam,roubaix_fr:Europe/Paris,rouen_fr:Europe/Paris,rovigo_it:Europe/Rome,rozzano_it:Europe/Rome,rubtsovsk_ru:Asia/Barnaul,ruda_slaska_pl:Europe/Warsaw,ruian_cn:Asia/Shanghai,ruse_bg:Europe/Sofia,ryazan_ru:Europe/Moscow,rybinsk_ru:Europe/Moscow,ryde_au:Australia/Sydney,rye_gb:Europe/London,rygas_lv:Europe/Riga,ryotsu_jp:Asia/Tokyo,saalfeld_de:Europe/Berlin,saint_denis_re:Indian/Reunion,saint_etienne_fr:Europe/Paris,saint_georges_gd:America/Grenada,saint_helier_je:Europe/Jersey,saint_jean_sur_richelieu_ca:America/Toronto,saint_paul_us:America/Chicago,saint_petersburg_ru:Europe/Moscow,saint_pol_sur_mer_fr:Europe/Paris,saint_quentin_fr:Europe/Paris,saint_raphael_fr:Europe/Paris,saint_raphael_re:Indian/Reunion,saint_saulve_fr:Europe/Paris,saint_sebastien_sur_loire_fr:Europe/Paris,saint_thibault_des_vignes_fr:Europe/Paris,saint_urban_fr:Europe/Paris,saint_witz_fr:Europe/Paris,saint_zacharie_fr:Europe/Paris,salem_in:Asia/Kolkata,salerno_it:Europe/Rome,salford_gb:Europe/London,salihorsk_by:Europe/Minsk,salinas_ca:America/Los_Angeles,salinas_ec:America/Guayaquil,salta_ar:America/Argentina/Salta,saltillo_mx:America/Monterrey,salt_lake_city_us:America/Denver,salvador_br:America/Bahia,samarinda_id:Asia/Makassar,samarqand_uz:Asia/Samarkand,samarkand_uz:Asia/Samarkand,samarra_iq:Asia/Baghdad,sambalpur_in:Asia/Kolkata,sambhal_in:Asia/Kolkata,samara_ru:Europe/Samara,samarinda_id:Asia/Makassar,samegrelo_ge:Asia/Tbilisi,samos_gr:Europe/Athens,samsun_tr:Europe/Istanbul,san_antonio_us:America/Chicago,san_bernardino_us:America/Los_Angeles,san_cristobal_do:America/Santo_Domingo,san_diego_us:America/Los_Angeles,san_francisco_us:America/Los_Angeles,san_juan_ar:America/Argentina/San_Juan,san_juan_pr:America/Puerto_Rico,san_lorenzo_py:America/Asuncion,san_luis_ar:America/Argentina/San_Luis,san_luis_potosi_mx:America/Mexico_City,san_miguel_sv:America/El_Salvador,san_pablo_br:America/Sao_Paulo,san_pedro_sula_hn:America/Tegucigalpa,san_salvador_sv:America/El_Salvador,sanaa_ye:Asia/Aden,sanliurfa_tr:Europe/Istanbul,sanming_cn:Asia/Shanghai,sanmu_jp:Asia/Tokyo,santa_ana_us:America/Los_Angeles,santa_barbara_us:America/Los_Angeles,santa_clara_us:America/Los_Angeles,santa_cruz_bo:America/La_Paz,santa_fe_ar:America/Argentina/Santa_Fe,santa_marta_co:America/Bogota,santander_es:Europe/Madrid,santiago_cl:America/Santiago,santiago_do:America/Santo_Domingo,santigo_del_estero_ar:America/Argentina/Santiago_del_Estero,santo_andre_br:America/Sao_Paulo,santo_domingo_do:America/Santo_Domingo,sanya_cn:Asia/Shanghai,sao_bernardo_do_campo_br:America/Sao_Paulo,sao_caetano_do_sul_br:America/Sao_Paulo,sao_goncalo_br:America/Sao_Paulo,sao_jose_dos_campos_br:America/Sao_Paulo,sao_luis_br:America/Fortaleza,sao_paulo_br:America/Sao_Paulo,sapporo_jp:Asia/Tokyo,sarajevo_ba:Europe/Sarajevo,saratov_ru:Europe/Saratov,sarasota_us:America/New_York,sarh_td:Africa/Ndjamena,sari_ir:Asia/Tehran,sarkand_uz:Asia/Samarkand,sarnia_ca:America/Toronto,sasebo_jp:Asia/Tokyo,sasolburg_za:Africa/Johannesburg,sassari_it:Europe/Rome,satna_in:Asia/Kolkata,satu_mare_ro:Europe/Bucharest,satyamangalam_in:Asia/Kolkata,saumur_fr:Europe/Paris,savannah_us:America/New_York,savanur_in:Asia/Kolkata,savona_it:Europe/Rome,sawhaj_eg:Africa/Cairo,sayama_jp:Asia/Tokyo,saynshand_mn:Asia/Ulaanbaatar
